label,probability
1,0.15356546640396118
2,0.17889007925987244
3,0.23789046704769135
4,0.12921810150146484
5,0.11344489455223083
6,0.013660060241818428
7,0.11437790840864182
8,0.038361091166734695
9,0.006967693101614714
10,0.003590216627344489
11,0.00383051042445004
12,0.003022781340405345
13,0.0031807618215680122
14,0